id;title;description;nature;sexe;age;nationality;adress;created_at;updated_at;created_by;updated_by
1;e-services Kansas;Prairie;Metrics Bacon Credit Card Account;Femme;62091;Central Legacy;artificial intelligence;2020-07-12T11:09:40;2020-07-12T10:39:25;Digitized viral;AGP streamline Extended
2;best-of-breed synthesizing Wooden;back up;1080p quantifying e-business;Femme;40244;experiences Factors invoice;Centralized;2020-07-13T00:02:12;2020-07-12T01:58:07;generating Integrated;magenta 5th generation purple
3;Indiana;ivory;French Polynesia neural;Unknown;19834;Generic;Buckinghamshire;2020-07-12T15:48:51;2020-07-12T14:54:46;silver;Qatar
4;firewall enterprise morph;Mill;Nigeria Licensed Plastic Table Cambridgeshire;Homme;80323;navigating Creative;Bulgarian Lev neural Pine;2020-07-12T11:44:00;2020-07-12T23:33:34;Cambridgeshire Jewelery purple;virtual
5;RAM;Handmade XSS;magenta;Unknown;27815;ROI Mountains;revolutionary;2020-07-12T11:11:33;2020-07-12T13:58:15;portals Berkshire;online withdrawal Brand
6;invoice;Nakfa;coherent;Homme;99034;parsing Avon magnetic;vortals background;2020-07-12T09:22:43;2020-07-12T16:28:32;protocol;Soap Games Licensed Fresh Towels
7;Communications;iterate Fresh Personal Loan Account;Outdoors Tools monetize;Unknown;22438;Yen;indigo Gorgeous Granite Fish;2020-07-12T05:03:38;2020-07-12T04:29:46;Vista;Tools
8;Frozen Movies Jewelery;cutting-edge connecting;Highway Cape Verde Escudo;Unknown;38946;Coordinator;Iowa;2020-07-12T00:42:11;2020-07-12T15:29:28;Decentralized interface;integrated
9;sky blue Unbranded;magenta fuchsia;RSS Mouse;Femme;55340;Maine bifurcated;system engine Strategist;2020-07-12T20:13:01;2020-07-12T19:21:19;transmitter hacking;value-added moratorium
10;Reactive withdrawal;Ball Sports zero defect;Handcrafted;Homme;71029;Fantastic parse e-commerce;Cambridgeshire North Carolina;2020-07-12T07:49:07;2020-07-12T07:53:46;SCSI tan grow;override Roads
