id;title;created_at;updated_at;created_by;updated_by
1;array Belize Dollar;2020-07-13T06:01:55;2020-07-12T14:58:37;Investment Account Rwanda Customer;Liaison copy program
2;hack Electronics Oklahoma;2020-07-12T15:44:04;2020-07-12T22:10:41;navigate Licensed Bosnia and Herzegovina;indexing Rubber
3;Buckinghamshire Cameroon;2020-07-12T22:21:39;2020-07-13T04:31:53;application driver;Credit Card Account Nevada
4;Persistent transparent Chips;2020-07-12T12:13:51;2020-07-13T01:48:46;Intuitive vortals;Communications
5;Customer;2020-07-13T06:41:41;2020-07-12T21:53:32;Money Market Account;bus
6;Security Virginia;2020-07-12T17:18:50;2020-07-12T15:04:18;Clothing deposit quantify;Checking Account markets
7;Unbranded programming District;2020-07-13T07:05:09;2020-07-13T07:18:56;Officer;yellow programming strategy
8;Czech Republic;2020-07-12T19:50:34;2020-07-12T19:26:39;streamline navigate;neural
9;Money Market Account;2020-07-13T07:17:28;2020-07-13T00:28:39;Switzerland Chief;Inlet Rue
10;Path Assimilated Unions;2020-07-13T06:39:10;2020-07-13T04:04:34;Missouri;web-readiness
