id;title;description;created_at;updated_at;created_by;updated_by
1;Agent Squares;supply-chains;2020-07-13T09:29:39;2020-07-12T21:44:05;generate;withdrawal Down-sized Metal
2;methodologies Granite Corporate;needs-based Sports Global;2020-07-13T07:12:27;2020-07-12T14:28:21;Bedfordshire Awesome Cotton Tuna;calculating yellow
3;Wooden;Future;2020-07-12T13:03:37;2020-07-12T16:27:41;Phased payment;Towels Internal
4;seize generate;Fantastic Wooden Chips microchip;2020-07-13T08:02:47;2020-07-13T07:51:56;compress Fantastic Fresh Ball;ubiquitous monitor
5;Home Loan Account;Keys invoice Research;2020-07-12T16:27:07;2020-07-12T22:25:25;4th generation;clear-thinking Auto Loan Account
6;indexing;Savings Account extensible connect;2020-07-13T07:28:31;2020-07-13T01:46:06;bricks-and-clicks;Buckinghamshire Nepalese Rupee
7;Forge Licensed;auxiliary;2020-07-12T17:21:40;2020-07-12T10:48:32;Toys;granular
8;solid state;Soft Quality Mount;2020-07-13T05:35:25;2020-07-13T07:57:09;Accountability input;1080p payment
9;invoice Engineer Central;magenta Associate;2020-07-12T11:22:35;2020-07-12T17:57:20;Handcrafted Rubber Sausages;Towels Mississippi Product
10;Metal;complexity Direct Administrator;2020-07-12T11:22:17;2020-07-12T14:56:44;program Refined Granite Gloves;quantifying Baby
