id;libelle;delai;relance;created_at;updated_at;created_by;updated_by
1;online e-business;46467;43385;2020-07-12T18:26:19;2020-07-13T00:28:09;Personal Loan Account;HTTP explicit
2;Personal Loan Account;50313;50103;2020-07-12T13:28:39;2020-07-12T21:05:17;Chilean Peso Unidades de fomento Checking Account;invoice Outdoors New York
3;multi-byte Jamaican Dollar North Carolina;12850;45825;2020-07-12T14:33:52;2020-07-12T20:56:18;Web revolutionize Branding;teal analyzing yellow
4;Books Generic;68300;33655;2020-07-13T08:19:29;2020-07-12T18:17:45;generate;Garden open-source hybrid
5;Solomon Islands Dollar;34833;62894;2020-07-12T11:33:14;2020-07-12T12:58:26;system;Specialist China deliverables
6;multi-byte Producer;41261;12768;2020-07-13T01:06:17;2020-07-13T04:01:58;Louisiana JSON Texas;bandwidth
7;application Configurable iterate;53432;50525;2020-07-12T22:06:57;2020-07-12T14:11:54;encoding Direct;Small Frozen Salad bypassing
8;time-frame Quality;95060;48252;2020-07-12T20:16:15;2020-07-12T22:12:02;Practical Gorgeous;knowledge user Danish Krone
9;Data neural Wooden;93092;49442;2020-07-12T10:39:05;2020-07-13T08:39:06;Austria mindshare EXE;bandwidth Liaison
10;program Auto Loan Account Refined;8410;42609;2020-07-12T17:12:36;2020-07-13T04:41:29;revolutionize;panel Sleek Intelligent
