id;libelle;created_at;updated_at;created_by;updated_by
1;Maine PCI SAS;2020-07-13T04:21:10;2020-07-12T11:17:58;Planner navigate repurpose;Buckinghamshire
2;Oklahoma communities;2020-07-12T12:16:51;2020-07-13T02:06:26;supply-chains;Tools
3;Arizona hack;2020-07-12T15:37:15;2020-07-13T07:12:45;payment synthesize Idaho;seize Glen Refined
4;Mandatory Assistant;2020-07-13T09:44:29;2020-07-12T10:33:50;Arizona success Sleek Frozen Chips;Gorgeous Rubber Chicken Associate Central African Republic
5;magenta heuristic;2020-07-12T10:08:01;2020-07-12T18:58:19;Maryland Legacy Unbranded Plastic Chips;Unbranded Cotton Table Generic B2B
6;olive;2020-07-12T22:54:16;2020-07-13T00:42:54;Persevering analyzing;Engineer Architect
7;Beauty dynamic schemas;2020-07-12T19:34:00;2020-07-12T17:35:59;Keyboard;Licensed Usability models
8;Personal Loan Account markets;2020-07-12T11:38:53;2020-07-12T12:59:37;Aruba Chair portals;online Strategist Shirt
9;navigate redefine;2020-07-12T14:08:01;2020-07-12T13:49:21;bypassing Bypass;Plastic Movies
10;SMS;2020-07-12T14:31:26;2020-07-12T21:12:33;parse Customer Rhode Island;Accounts navigating Ergonomic
